{
  "SBB 1, Breakaway.mp3": {
    "size": 66044375,
    "duration": 4102.3477551020405
  },
  "SBB 10, Black Sun.mp3": {
    "size": 56922400,
    "duration": 3532.2775510204083
  },
  "SBB 11, Guardian of Piri.mp3": {
    "size": 56770716,
    "duration": 3522.7951020408163
  },
  "SBB 12, End of Eternity.mp3": {
    "size": 58244378,
    "duration": 3614.8767346938776
  },
  "SBB 13, Matter of Life and Death.mp3": {
    "size": 57707445,
    "duration": 3581.335510204082
  },
  "SBB 14, Earthbound.mp3": {
    "size": 60206391,
    "duration": 3737.4955102040817
  },
  "SBB 15, The Full Circle.mp3": {
    "size": 58895682,
    "duration": 3655.5755102040816
  },
  "SBB 16, Another Time, Another Place.mp3": {
    "size": 56046478,
    "duration": 3477.524897959184
  },
  "SBB 17, The Last Sunset.mp3": {
    "size": 57178222,
    "duration": 3548.2644897959185
  },
  "SBB 18, The Infernal Machine.mp3": {
    "size": 56644561,
    "duration": 3514.9061224489797
  },
  "SBB 19, Ring Around the Moon.mp3": {
    "size": 59209711,
    "duration": 3507.6702040816326
  },
  "SBB 2, Force of Life.mp3": {
    "size": 59239950,
    "duration": 3677.1004081632655
  },
  "SBB 20, Missing Link.mp3": {
    "size": 63006790,
    "duration": 3744.9665306122447
  },
  "SBB 21, Space Brain.mp3": {
    "size": 60053903,
    "duration": 3560.437551020408
  },
  "SBB 22, The Troubled Spirit.mp3": {
    "size": 59100904,
    "duration": 3500.878367346939
  },
  "SBB 23, The Testament of Arkadia.mp3": {
    "size": 60877375,
    "duration": 3611.8726530612244
  },
  "SBB 24, The Last Enemy.mp3": {
    "size": 60455766,
    "duration": 3753.090612244898
  },
  "SBB 3, Collision Course.mp3": {
    "size": 57686821,
    "duration": 3580.0555102040817
  },
  "SBB 4, War Games.mp3": {
    "size": 57735766,
    "duration": 3583.111836734694
  },
  "SBB 5, Death’s Other Dominion.mp3": {
    "size": 57628312,
    "duration": 3576.398367346939
  },
  "SBB 6, Voyager’s Return.mp3": {
    "size": 58715474,
    "duration": 3644.3167346938776
  },
  "SBB 7, Alpha Child.mp3": {
    "size": 57711528,
    "duration": 3581.5967346938774
  },
  "SBB 8, Dragon’s Domain.mp3": {
    "size": 60467503,
    "duration": 3753.8220408163265
  },
  "SBB 9, Mission of the Darians.mp3": {
    "size": 61736077,
    "duration": 3833.1036734693876
  }
}